CompanyName,Course,DOB,Email,Gender,HSC,Image,InstituteName,IsGotOffer,Percentage,Phone,PlacementDate,RegistrationNumber,RoundOne,RoundTwo,SSLC,StudentName,University,YearOfPassing,_id
,B-Tech [IT],12/12/2005,kenny@mail.com,Male,45,,Test,Not Placed,70,7845123697,,1,Passed,Failed,50,Kenny,AU,2015,63ccbcc3379d39babaf2dade
,B.E [EEE],1999-10-12,gill@mail.com,Female,50,,GAN college of engineering,Failed,90,7845961233,,78945,Failed,Not Placed,75,Gill,AU,2015,63ccdc451614e007915540da
IBM,B-Tech [IT],2023-01-04,muthu@mail.com,Female,50,,SRM,Placed,90,7421589639,,7521,Passed,Passed,75,Muthu,SRM,2023,63cd086e190fc7a514d5e2c0
HCL,BE [ECE],2023-01-03,jim@gmail.com,Female,65,,SRM,Placed,90,8754213698,,96325,Passed,Passed,75,Jim,AU,2023,63cd151b8b2a141a0bbd0570
IBM,B-Tech [IT],2023-01-05,hen@mail.com,Female,85,,SRM,Not Placed,90,7421589639,2023-01-20,54545,Failed,,75,Hen,SRM,2023,63cdf888165a61b13e1957f2