ConfirmPassword,Email,FirstName,LastName,Name,Password,RegistrationType,_id
123,test@gmail.com,Raj,kumar,SRM,123,1,63cb6ccc04800c440388833d
123,chiran@gmail.com,Chiran,Lokeshwaren,VIT,123,1,63cb6d4d0f3a56eefa9a197a
123,fin@gmail.com,Fin,A,Google,123,2,63cb7eb82053d19746b3b366
555,muthu@gmail.com,Muthu,Kumar,SSG,555,2,63cbe7361d3c203a3e445d25
555,max@gmail.com,Max,Well,VIT,555,1,63cbefc9d12150af5042ac2f
555,hulk@gmail.com,Bruce,Banner,IBM,555,2,63cbf4b2f46cc85d9cf34404
999,clint@mail.com,Clint,Mckay,SRM,999,1,63cd2426b90843610b5a66a9
raja123,raja@mail.com,Raja,Shanmugham,SRM,raja123,1,63cd250eb90843610b5a66aa